用例ID,模块,接口名称,用例标题,请求方法,请求路径,请求头,请求体,前置条件,测试步骤,预期结果,优先级,备注,结果
OSS-001,OSS相关接口,获取上传地址,正常获取上传地址,POST,/mbServer/oss,"{""Authorization"": ""{{access_token}}""}","{""method"": ""getUploadUrl"",""data"": {""file_name"": ""test.jpg"",""file_size"": 1024000,""mime_type"": ""image/jpeg""}}",已登录,1.发送获取上传地址请求 2.检查返回的upload_url字段,返回code=1，且包含有效的upload_url,高,正常流程,PASS
OSS-002,OSS相关接口,获取上传地址,获取上传地址-文件名缺失,POST,/mbServer/oss,"{""Authorization"": ""{{access_token}}""}","{""method"": ""getUploadUrl"",""data"": {""file_size"": 1024000,""mime_type"": ""image/jpeg""}}",已登录,1.发送不包含file_name的请求 2.检查错误处理,返回错误提示或code不等于1,中,异常流程,PASS
OSS-003,OSS相关接口,获取上传地址,获取上传地址-文件大小为0,POST,/mbServer/oss,"{""Authorization"": ""{{access_token}}""}","{""method"": ""getUploadUrl"",""data"": {""file_name"": ""test.jpg"",""file_size"": 0,""mime_type"": ""image/jpeg""}}",已登录,1.发送file_size为0的请求 2.检查边界值处理,返回错误或拒绝处理,中,边界值,PASS
OSS-004,OSS相关接口,获取上传地址,获取上传地址-非法文件类型,POST,/mbServer/oss,"{""Authorization"": ""{{access_token}}""}","{""method"": ""getUploadUrl"",""data"": {""file_name"": ""test.exe"",""file_size"": 1024000,""mime_type"": ""application/x-executable""}}",已登录,1.发送非法文件类型的请求 2.检查文件类型校验,返回错误或拒绝处理,中,异常流程,PASS
OSS-005,OSS相关接口,标记上传成功,正常标记上传成功,POST,/mbServer/oss,"{""Authorization"": ""{{access_token}}""}","{""method"": ""markUploadSuccess"",""data"": {""object_key"": ""{{oss_objectKey}}"",""file_name"": ""test.jpg"",""file_size"": 1024000,""mime_type"": ""image/jpeg""}}",已上传文件,1.调用标记上传成功接口 2.检查云空间使用量更新,返回code=1，云空间使用量增加,高,正常流程,PASS
OSS-006,OSS相关接口,标记上传成功,标记上传成功-重复标记,POST,/mbServer/oss,"{""Authorization"": ""{{access_token}}""}","{""method"": ""markUploadSuccess"",""data"": {""object_key"": ""{{oss_objectKey}}"",""file_name"": ""test.jpg"",""file_size"": 1024000,""mime_type"": ""image/jpeg""}}",已标记上传成功,1.重复调用标记上传成功 2.检查幂等性处理,返回code=1或适当的错误提示,中,异常流程,PASS
OSS-007,OSS相关接口,获取照片列表,正常获取照片列表,POST,/mbServer/oss,"{""Authorization"": ""{{access_token}}""}","{""method"": ""getPhotoList"",""data"": {""page"": 1,""page_size"": 20}}",已登录,1.请求照片列表 2.检查返回数据结构,返回code=1，包含list数组和total字段,高,正常流程,PASS
OSS-008,OSS相关接口,获取照片列表,获取照片列表-分页边界,POST,/mbServer/oss,"{""Authorization"": ""{{access_token}}""}","{""method"": ""getPhotoList"",""data"": {""page"": 1,""page_size"": 50}}",已登录,1.请求每页最大数量50 2.检查分页是否正确,返回正确的分页数据,中,边界值,PASS
OSS-009,OSS相关接口,获取照片列表,获取照片列表-页码超出范围,POST,/mbServer/oss,"{""Authorization"": ""{{access_token}}""}","{""method"": ""getPhotoList"",""data"": {""page"": 99999,""page_size"": 20}}",已登录,1.请求不存在的页码 2.检查空数据返回,返回空list,中,边界值,PASS
OSS-010,OSS相关接口,移动到回收站,正常移动到回收站,POST,/mbServer/oss,"{""Authorization"": ""{{access_token}}""}","{""method"": ""moveToRecycleBin"",""data"": {""photo_id"": 1}}",存在可删除的照片,1.调用移动到回收站接口 2.检查照片状态变更,返回code=1，照片进入回收站,高,正常流程,PASS
OSS-011,OSS相关接口,移动到回收站,移动到回收站-不存在的照片ID,POST,/mbServer/oss,"{""Authorization"": ""{{access_token}}""}","{""method"": ""moveToRecycleBin"",""data"": {""photo_id"": 99999}}",无,1.传入不存在的photo_id 2.检查错误处理,返回错误提示,中,异常流程,PASS
OSS-012,OSS相关接口,获取用户云存储空间使用情况,正常获取云空间使用情况,POST,/mbServer/oss,"{""Authorization"": ""{{access_token}}""}","{""method"": ""getStorageUsage""}",已登录,1.请求云空间使用情况 2.检查返回数据,返回code=1，包含used和total字段,高,正常流程,PASS
OSS-013,OSS相关接口,同意云空间使用协议,正常同意协议,POST,/mbServer/oss,"{""Authorization"": ""{{access_token}}""}","{""method"": ""agreeCloudAgreement""}",已登录,1.提交同意协议请求 2.检查协议状态更新,返回code=1，协议状态更新,中,正常流程,PASS
OSS-014,OSS相关接口,彻底删除,正常彻底删除,POST,/mbServer/oss,"{""Authorization"": ""{{access_token}}""}","{""method"": ""permanentDelete"",""data"": {""photo_id"": 1}}",照片在回收站中,1.调用彻底删除接口 2.检查文件是否永久删除,返回code=1，文件永久删除,高,正常流程,PASS
OSS-015,OSS相关接口,彻底删除,彻底删除-不在回收站中的文件,POST,/mbServer/oss,"{""Authorization"": ""{{access_token}}""}","{""method"": ""permanentDelete"",""data"": {""photo_id"": 1}}",文件不在回收站,1.尝试删除不在回收站的文件 2.检查权限校验,返回错误提示,中,异常流程,PASS
OSS-016,OSS相关接口,获取回收站列表,正常获取回收站列表,POST,/mbServer/oss,"{""Authorization"": ""{{access_token}}""}","{""method"": ""getRecycleBinList"",""data"": {""page"": 1,""page_size"": 20}}",存在回收站文件,1.请求回收站列表 2.检查数据结构,返回code=1，包含list数组,高,正常流程,PASS
OSS-017,OSS相关接口,还原回收站素材,正常还原素材,POST,/mbServer/oss,"{""Authorization"": ""{{access_token}}""}","{""method"": ""restoreFromRecycleBin"",""data"": {""photo_id"": 1}}",照片在回收站中,1.调用还原接口 2.检查文件恢复状态,返回code=1，文件恢复到原位置,高,正常流程,PASS
OSS-018,OSS相关接口,还原回收站素材,还原-不存在的照片ID,POST,/mbServer/oss,"{""Authorization"": ""{{access_token}}""}","{""method"": ""restoreFromRecycleBin"",""data"": {""photo_id"": 99999}}",无,1.传入不存在的photo_id 2.检查错误处理,返回错误提示,中,异常流程,PASS
INSTAX-001,拍立得相关,使用记录上报,正常上报使用记录,POST,/mbServer/instax,"{""Authorization"": ""{{access_token}}""}","{""method"": ""reportUsage"",""data"": {""sn"": ""{{device_sn}}"",""action"": ""print"",""timestamp"": 1234567890}}",设备已连接,1.上报使用记录 2.检查返回状态,返回code=1,高,正常流程,PASS
INSTAX-002,拍立得相关,使用记录上报,上报-无效的SN,POST,/mbServer/instax,"{""Authorization"": ""{{access_token}}""}","{""method"": ""reportUsage"",""data"": {""sn"": ""INVALID_SN"",""action"": ""print"",""timestamp"": 1234567890}}",无,1.使用无效SN上报 2.检查错误处理,返回错误提示,中,异常流程,PASS
INSTAX-003,拍立得相关,获取最新固件版本,正常获取固件版本,POST,/mbServer/instax,"{""Authorization"": ""{{access_token}}""}","{""method"": ""getLatestFirmware"",""data"": {""sn"": ""{{device_sn}}"",""current_version"": ""1.0.0""}}",设备已连接,1.请求固件版本 2.检查返回数据,返回code=1，包含最新版本信息,高,正常流程,PASS
INSTAX-004,拍立得相关,获取最新固件版本,已是最新版本,POST,/mbServer/instax,"{""Authorization"": ""{{access_token}}""}","{""method"": ""getLatestFirmware"",""data"": {""sn"": ""{{device_sn}}"",""current_version"": ""999.999.999""}}",无,1.请求已经是最高版本的情况 2.检查返回,返回code=1，提示已是最新,中,正常流程,PASS
INSTAX-005,拍立得相关,上报相纸信息,正常上报相纸信息,POST,/mbServer/instax,"{""Authorization"": ""{{access_token}}""}","{""method"": ""reportFilmInfo"",""data"": {""sn"": ""{{device_sn}}"",""film_type"": ""instax_mini"",""remaining"": 10}}",设备已连接,1.上报相纸信息 2.检查返回状态,返回code=1,高,正常流程,PASS
INSTAX-006,拍立得相关,上报相纸信息,相纸剩余数量为0,POST,/mbServer/instax,"{""Authorization"": ""{{access_token}}""}","{""method"": ""reportFilmInfo"",""data"": {""sn"": ""{{device_sn}}"",""film_type"": ""instax_mini"",""remaining"": 0}}",设备已连接,1.上报剩余数量为0 2.检查边界值处理,返回code=1，提示相纸不足,中,边界值,PASS
INSTAX-007,拍立得相关,上报相纸信息,相纸剩余数量为负数,POST,/mbServer/instax,"{""Authorization"": ""{{access_token}}""}","{""method"": ""reportFilmInfo"",""data"": {""sn"": ""{{device_sn}}"",""film_type"": ""instax_mini"",""remaining"": -1}}",设备已连接,1.上报负数剩余数量 2.检查数据校验,返回错误提示,低,异常流程,PASS
INSTAX-008,拍立得相关,根据SN获取相纸信息,正常获取相纸信息,POST,/mbServer/instax,"{""Authorization"": ""{{access_token}}""}","{""method"": ""getFilmInfoBySN"",""data"": {""sn"": ""{{device_sn}}""}}",设备已连接,1.根据SN获取相纸信息 2.检查返回数据,返回code=1，包含film_type和remaining,高,正常流程,PASS
REMOTEPRINT-001,远程打印,创建打印上传任务,正常创建打印任务,POST,/mbServer/remotePrint,"{""Authorization"": ""{{access_token}}""}","{""method"": ""createPrintTask"",""data"": {""file_name"": ""photo.jpg"",""file_size"": 1024000,""mime_type"": ""image/jpeg""}}",已登录,1.创建打印上传任务 2.检查返回task_id,返回code=1，包含task_id和upload_url,高,正常流程,PASS
REMOTEPRINT-002,远程打印,创建打印上传任务,创建任务-文件大小超限,POST,/mbServer/remotePrint,"{""Authorization"": ""{{access_token}}""}","{""method"": ""createPrintTask"",""data"": {""file_name"": ""photo.jpg"",""file_size"": 9999999999,""mime_type"": ""image/jpeg""}}",已登录,1.尝试创建超大文件任务 2.检查大小限制,返回错误或拒绝处理,中,边界值,PASS
REMOTEPRINT-003,远程打印,通知服务端上传成功,正常通知上传成功,POST,/mbServer/remotePrint,"{""Authorization"": ""{{access_token}}""}","{""method"": ""notifyUploadSuccess"",""data"": {""task_id"": ""{{print_task_id}}"",""object_key"": ""{{oss_objectKey}}""}}",任务已上传,1.通知上传成功 2.检查任务状态变更,返回code=1，任务状态更新,高,正常流程,PASS
REMOTEPRINT-004,远程打印,通知服务端上传成功,通知-无效的task_id,POST,/mbServer/remotePrint,"{""Authorization"": ""{{access_token}}""}","{""method"": ""notifyUploadSuccess"",""data"": {""task_id"": ""INVALID_TASK"",""object_key"": ""{{oss_objectKey}}""}}",无,1.使用无效task_id通知 2.检查错误处理,返回错误提示,中,异常流程,PASS
ACCOUNT-001,账号相关,账号恢复,正常账号恢复,POST,/mbServer/users,"{""Authorization"": ""{{access_token}}""}","{""method"": ""recoverAccount"",""data"": {""phone"": ""15606904001"",""verify_code"": ""123456""}}",已注册账号,1.提交账号恢复请求 2.检查恢复结果,返回code=1，账号恢复成功,高,正常流程,PASS
ACCOUNT-002,账号相关,账号恢复,账号恢复-验证码错误,POST,/mbServer/users,"{""Authorization"": ""{{access_token}}""}","{""method"": ""recoverAccount"",""data"": {""phone"": ""15606904001"",""verify_code"": ""000000""}}",已注册账号,1.使用错误验证码恢复 2.检查安全校验,返回错误提示,高,异常流程,PASS
ACCOUNT-003,账号相关,账号恢复,账号恢复-未注册手机号,POST,/mbServer/users,"{""Authorization"": ""{{access_token}}""}","{""method"": ""recoverAccount"",""data"": {""phone"": ""13900000000"",""verify_code"": ""123456""}}",无,1.尝试恢复未注册的账号 2.检查错误处理,返回错误提示,中,异常流程,PASS
OVERSEAS-001,海外,第三方登录,正常第三方登录-Apple,POST,/mbServer/users,,"{""method"": ""thirdPartyLogin"",""data"": {""platform"": ""apple"",""open_id"": ""test_open_id"",""id_token"": ""test_id_token""}}",无,1.提交Apple登录请求 2.检查登录结果,返回code=1，包含access_token,高,正常流程,PASS
OVERSEAS-002,海外,第三方登录,第三方登录-无效平台,POST,/mbServer/users,,"{""method"": ""thirdPartyLogin"",""data"": {""platform"": ""invalid_platform"",""open_id"": ""test_open_id"",""id_token"": ""test_id_token""}}",无,1.使用无效平台登录 2.检查错误处理,返回错误提示,中,异常流程,PASS
PRODUCTION-001,拍立得产测,测试数据上报,正常上报测试数据,POST,/mbServer/production,,"{""method"": ""reportTestData"",""data"": {""sn"": ""TEST123456"",""test_type"": ""function_test"",""result"": ""pass"",""details"": {}}}",无,1.提交测试数据 2.检查返回状态,返回code=1,高,正常流程,PASS
PRODUCTION-002,拍立得产测,获取未使用sn,正常获取未使用SN,POST,/mbServer/production,,"{""method"": ""getUnusedSN""}",无,1.请求未使用的SN列表 2.检查返回数据,返回code=1，包含可用SN列表,高,正常流程,PASS
PRODUCTION-003,拍立得产测,获取启用渠道商,正常获取渠道商,POST,/mbServer/production,,"{""method"": ""getEnabledChannels""}",无,1.请求渠道商列表 2.检查返回数据,返回code=1，包含渠道商列表,中,正常流程,PASS
PRODUCTION-004,拍立得产测,装箱,正常装箱操作,POST,/mbServer/production,,"{""method"": ""packDevice"",""data"": {""sn_list"": [""SN001"", ""SN002"", ""SN003""],""box_code"": ""BOX123456""}}",存在未装箱设备,1.提交装箱请求 2.检查设备绑定,返回code=1，设备绑定成功,高,正常流程,PASS
PRODUCTION-005,拍立得产测,装箱,装箱-设备已被使用,POST,/mbServer/production,,"{""method"": ""packDevice"",""data"": {""sn_list"": [""USED_SN""],""box_code"": ""BOX123456""}}",设备已被装箱,1.尝试装箱已使用的设备 2.检查重复处理,返回错误提示,中,异常流程,PASS
PRODUCTION-006,拍立得产测,根据箱码获取设备列表,正常获取设备列表,POST,/mbServer/production,,"{""method"": ""getDeviceListByBoxCode"",""data"": {""box_code"": ""BOX123456""}}",存在装箱记录,1.根据箱码查询设备 2.检查返回数据,返回code=1，包含设备列表,高,正常流程,PASS
PRODUCTION-007,拍立得产测,修改箱子设备,正常修改设备,POST,/mbServer/production,,"{""method"": ""updateBoxDevice"",""data"": {""box_code"": ""BOX123456"",""old_sn"": ""SN001"",""new_sn"": ""SN999""}}",存在装箱记录,1.提交设备修改请求 2.检查设备变更,返回code=1，设备SN更新,中,正常流程,PASS
PRODUCTION-008,拍立得产测,修改箱子设备,修改-新旧SN相同,POST,/mbServer/production,,"{""method"": ""updateBoxDevice"",""data"": {""box_code"": ""BOX123456"",""old_sn"": ""SN001"",""new_sn"": ""SN001""}}",存在装箱记录,1.提交新旧相同的修改 2.检查重复处理,返回错误或适当提示,低,异常流程,PASS
PRODUCTION-009,拍立得产测,获取未使用的sn码V2,正常获取SN列表V2,POST,/mbServer/production,,"{""method"": ""getUnusedSNV2"",""data"": {""quantity"": 10}}",无,1.请求指定数量SN 2.检查返回数据,返回code=1，包含指定数量SN,中,正常流程,PASS
PRODUCTION-010,拍立得产测,获取未使用的sn码V2,获取数量为0,POST,/mbServer/production,,"{""method"": ""getUnusedSNV2"",""data"": {""quantity"": 0}}",无,1.请求数量为0 2.检查边界值处理,返回空列表或错误,低,边界值,PASS
PRODUCTION-011,拍立得产测,获取生产中的批次号,正常获取批次号,POST,/mbServer/production,,"{""method"": ""getProductionBatchList""}",无,1.请求批次号列表 2.检查返回数据,返回code=1，包含批次列表,中,正常流程,PASS
PRODUCTION-012,拍立得产测,创建出货单,正常创建出货单,POST,/mbServer/production,,"{""method"": ""createDeliveryOrder"",""data"": {""box_codes"": [""BOX001"", ""BOX002""],""channel_id"": 1,""destination"": ""测试地址""}}",存在待出货箱子,1.创建出货单 2.检查出货单生成,返回code=1，包含delivery_id,高,正常流程,PASS
PRODUCTION-013,拍立得产测,创建出货单,出货单-空箱子列表,POST,/mbServer/production,,"{""method"": ""createDeliveryOrder"",""data"": {""box_codes"": [],""channel_id"": 1,""destination"": ""测试地址""}}",无,1.使用空列表创建出货单 2.检查参数校验,返回错误提示,中,异常流程,PASS
PRODUCTION-014,拍立得产测,通过箱码获取批次号列表,正常获取批次列表,POST,/mbServer/production,,"{""method"": ""getBatchListByBoxCode"",""data"": {""box_code"": ""BOX123456""}}",存在装箱记录,1.根据箱码查询批次 2.检查返回数据,返回code=1，包含批次列表,中,正常流程,PASS
COMMUNITY-001,社区分享-帖子相关,创建帖子,正常创建帖子,POST,/mbServer/community,"{""Authorization"": ""{{access_token}}""}","{""method"": ""createPost"",""data"": {""content"": ""测试帖子内容"",""location"": ""杭州"",""tags"": [""测试"",""分享""]}}",已登录,1.提交创建帖子请求 2.检查帖子创建结果,返回code=1，包含post_id,高,正常流程,PASS
COMMUNITY-002,社区分享-帖子相关,创建帖子,创建帖子-内容为空,POST,/mbServer/community,"{""Authorization"": ""{{access_token}}""}","{""method"": ""createPost"",""data"": {""content"": """",""location"": ""杭州"",""tags"": []}}",已登录,1.发送空内容帖子 2.检查内容校验,返回错误或内容长度提示,中,异常流程,PASS
COMMUNITY-003,社区分享-帖子相关,创建帖子,创建帖子-内容超长,POST,/mbServer/community,"{""Authorization"": ""{{access_token}}""}","{""method"": ""createPost"",""data"": {""content"": ""内容超过最大长度限制的内容内容超过最大长度限制的内容..."",""location"": ""杭州"",""tags"": []}}",已登录,1.发送超长内容帖子 2.检查长度校验,返回错误或截断处理,中,边界值,PASS
COMMUNITY-004,社区分享-帖子相关,删除帖子,正常删除帖子,POST,/mbServer/community,"{""Authorization"": ""{{access_token}}""}","{""method"": ""deletePost"",""data"": {""post_id"": {{new_post_id}}}}",帖子已创建,1.提交删除帖子请求 2.检查帖子删除状态,返回code=1，帖子已删除,高,正常流程,PASS
COMMUNITY-005,社区分享-帖子相关,删除帖子,删除帖子-不属于自己的帖子,POST,/mbServer/community,"{""Authorization"": ""{{access_token}}""}","{""method"": ""deletePost"",""data"": {""post_id"": 99999}}",已登录,1.尝试删除他人帖子 2.检查权限校验,返回错误提示,中,异常流程,PASS
COMMUNITY-006,社区分享-帖子相关,获取oss上传凭证,正常获取上传凭证,POST,/mbServer/community,"{""Authorization"": ""{{access_token}}""}","{""method"": ""generateUploadCredential"",""data"": {""post_id"": {{new_post_id}},""file_name"": ""photo.jpg"",""file_size"": 1024000,""mime_type"": ""image/jpeg""}}",帖子已创建,1.获取上传凭证 2.检查返回数据,返回code=1，包含object_key和上传地址,高,正常流程,PASS
COMMUNITY-007,社区分享-帖子相关,标记上传成功,正常标记上传成功,POST,/mbServer/community,"{""Authorization"": ""{{access_token}}""}","{""method"": ""markUploadComplete"",""data"": {""object_key"": ""{{oss_objectKey}}"",""post_id"": {{new_post_id}},""original_file_name"": ""photo.jpg"",""file_size"": 1024000,""mime_type"": ""image/jpeg"",""width"": 1920,""height"": 1080,""sort_order"": 1}}",已上传文件,1.标记上传完成 2.检查文件信息保存,返回code=1,高,正常流程,PASS
COMMUNITY-008,社区分享-帖子相关,提交审核,正常提交审核,POST,/mbServer/community,"{""Authorization"": ""{{access_token}}""}","{""method"": ""submitPostAudit"",""data"": {""post_id"": {{new_post_id}}}}",帖子已创建并上传图片,1.提交审核请求 2.检查审核状态,返回code=1，触发机器审核,高,正常流程,PASS
COMMUNITY-009,社区分享-帖子相关,提交审核,提交审核-帖子不存在,POST,/mbServer/community,"{""Authorization"": ""{{access_token}}""}","{""method"": ""submitPostAudit"",""data"": {""post_id"": 99999}}",无,1.提交不存在的帖子审核 2.检查错误处理,返回错误提示,中,异常流程,PASS
COMMUNITY-010,社区分享-帖子相关,获取帖子列表,正常获取帖子列表,POST,/mbServer/community,"{""Authorization"": ""{{access_token}}""}","{""method"": ""searchPosts"",""data"": {""page"": 1,""page_size"": 20,""sort_by"": ""latest""}}",已登录,1.请求帖子列表 2.检查返回数据结构,返回code=1，包含list和total,高,正常流程,PASS
COMMUNITY-011,社区分享-帖子相关,获取帖子列表,帖子列表-筛选条件测试,POST,/mbServer/community,"{""Authorization"": ""{{access_token}}""}","{""method"": ""searchPosts"",""data"": {""page"": 1,""page_size"": 20,""sort_by"": ""most_likes"",""time_range"": ""7d""}}",已登录,1.使用筛选条件查询 2.检查筛选结果,返回符合筛选条件的结果,中,正常流程,PASS
COMMUNITY-012,社区分享-帖子相关,获取帖子详情,正常获取帖子详情,POST,/mbServer/community,"{""Authorization"": ""{{access_token}}""}","{""method"": ""getPostDetail"",""data"": {""post_id"": {{new_post_id}}}}",帖子已创建,1.请求帖子详情 2.检查返回完整数据,返回code=1，包含帖子详细信息,高,正常流程,PASS
COMMUNITY-013,社区分享-帖子相关,获取帖子详情,获取详情-帖子不存在,POST,/mbServer/community,"{""Authorization"": ""{{access_token}}""}","{""method"": ""getPostDetail"",""data"": {""post_id"": 99999}}",无,1.请求不存在的帖子详情 2.检查错误处理,返回错误提示,中,异常流程,PASS
COMMUNITY-014,社区分享-帖子相关,我的帖子列表,正常获取我的帖子,POST,/mbServer/community,"{""Authorization"": ""{{access_token}}""}","{""method"": ""getMyPosts"",""data"": {""page"": 1,""page_size"": 20}}",已登录,1.请求我的帖子列表 2.检查返回数据,返回code=1，只包含当前用户帖子,高,正常流程,PASS
COMMUNITY-015,社区分享-帖子相关,搜索标签,正常搜索标签,POST,/mbServer/community,"{""Authorization"": ""{{access_token}}""}","{""method"": ""searchTags"",""data"": {""keyword"": ""测试""}}",已登录,1.搜索标签关键词 2.检查返回标签列表,返回code=1，包含匹配的标签,中,正常流程,PASS
COMMUNITY-016,社区分享-帖子相关,搜索用户,正常搜索用户,POST,/mbServer/community,"{""Authorization"": ""{{access_token}}""}","{""method"": ""searchUsers"",""data"": {""keyword"": ""测试用户""}}",已登录,1.搜索用户关键词 2.检查返回用户列表,返回code=1，包含匹配的用户,中,正常流程,PASS
COMMUNITY-017,社区分享-帖子相关,推荐帖子,正常推荐帖子,POST,/mbServer/community,"{""Authorization"": ""{{access_token}}""}","{""method"": ""recommendPost"",""data"": {""post_id"": {{new_post_id}}}}",已登录,1.推荐指定帖子 2.检查推荐状态,返回code=1，帖子被推荐,高,正常流程,PASS
COMMUNITY-018,社区分享-帖子相关,取消推荐,正常取消推荐,POST,/mbServer/community,"{""Authorization"": ""{{access_token}}""}","{""method"": ""unrecommendPost"",""data"": {""post_id"": {{new_post_id}}}}",帖子已推荐,1.取消帖子推荐 2.检查推荐状态变更,返回code=1，推荐状态取消,高,正常流程,PASS
COMMUNITY-019,社区分享-点赞相关,点赞,正常点赞,POST,/mbServer/community,"{""Authorization"": ""{{access_token}}""}","{""method"": ""likePost"",""data"": {""post_id"": {{new_post_id}}}}",已登录,1.提交点赞请求 2.检查点赞结果,返回code=1，点赞数+1,高,正常流程,PASS
COMMUNITY-020,社区分享-点赞相关,点赞,重复点赞,POST,/mbServer/community,"{""Authorization"": ""{{access_token}}""}","{""method"": ""likePost"",""data"": {""post_id"": {{new_post_id}}}}",已点赞,1.重复点赞同一帖子 2.检查幂等性,返回code=1或错误提示,中,异常流程,PASS
COMMUNITY-021,社区分享-点赞相关,取消点赞,正常取消点赞,POST,/mbServer/community,"{""Authorization"": ""{{access_token}}""}","{""method"": ""unlikePost"",""data"": {""post_id"": {{new_post_id}}}}",已点赞,1.取消点赞请求 2.检查取消结果,返回code=1，点赞数-1,高,正常流程,PASS
COMMUNITY-022,社区分享-点赞相关,取消点赞,未点赞却取消,POST,/mbServer/community,"{""Authorization"": ""{{access_token}}""}","{""method"": ""unlikePost"",""data"": {""post_id"": {{new_post_id}}}}",未点赞,1.取消未点赞的帖子 2.检查错误处理,返回错误提示,中,异常流程,PASS
COMMUNITY-023,社区分享-点赞相关,获取点赞用户列表,正常获取点赞列表,POST,/mbServer/community,"{""Authorization"": ""{{access_token}}""}","{""method"": ""getLikeUsers"",""data"": {""post_id"": {{new_post_id}},""page"": 1,""page_size"": 20}}",已登录,1.请求点赞用户列表 2.检查返回数据,返回code=1，包含用户列表,中,正常流程,PASS
COMMUNITY-024,社区分享-收藏相关,收藏,正常收藏,POST,/mbServer/community,"{""Authorization"": ""{{access_token}}""}","{""method"": ""collectPost"",""data"": {""post_id"": {{new_post_id}}}}",已登录,1.提交收藏请求 2.检查收藏结果,返回code=1，收藏成功,高,正常流程,PASS
COMMUNITY-025,社区分享-收藏相关,收藏,重复收藏,POST,/mbServer/community,"{""Authorization"": ""{{access_token}}""}","{""method"": ""collectPost"",""data"": {""post_id"": {{new_post_id}}}}",已收藏,1.重复收藏同一帖子 2.检查幂等性,返回code=1或错误提示,中,异常流程,PASS
COMMUNITY-026,社区分享-收藏相关,取消收藏,正常取消收藏,POST,/mbServer/community,"{""Authorization"": ""{{access_token}}""}","{""method"": ""uncollectPost"",""data"": {""post_id"": {{new_post_id}}}}",已收藏,1.取消收藏请求 2.检查取消结果,返回code=1，取消成功,高,正常流程,PASS
COMMUNITY-027,社区分享-收藏相关,获取收藏列表,正常获取收藏列表,POST,/mbServer/community,"{""Authorization"": ""{{access_token}}""}","{""method"": ""getCollectList"",""data"": {""page"": 1,""page_size"": 20}}",已登录,1.请求收藏列表 2.检查返回数据,返回code=1，包含收藏列表,高,正常流程,PASS
COMMUNITY-028,社区分享-收藏相关,创建收藏夹,正常创建收藏夹,POST,/mbServer/community,"{""Authorization"": ""{{access_token}}""}","{""method"": ""createCollection"",""data"": {""name"": ""我的收藏夹"",""is_public"": false}}",已登录,1.创建收藏夹请求 2.检查创建结果,返回code=1，包含collection_id,高,正常流程,PASS
COMMUNITY-029,社区分享-收藏相关,创建收藏夹,创建收藏夹-名称为空,POST,/mbServer/community,"{""Authorization"": ""{{access_token}}""}","{""method"": ""createCollection"",""data"": {""name"": """",""is_public"": false}}",已登录,1.发送空名称收藏夹 2.检查名称校验,返回错误提示,中,异常流程,PASS
COMMUNITY-030,社区分享-收藏相关,获取收藏夹列表,正常获取收藏夹,POST,/mbServer/community,"{""Authorization"": ""{{access_token}}""}","{""method"": ""getCollectionList""}",已登录,1.请求收藏夹列表 2.检查返回数据,返回code=1，包含收藏夹列表,高,正常流程,PASS
COMMUNITY-031,社区分享-收藏相关,删除收藏夹,正常删除收藏夹,POST,/mbServer/community,"{""Authorization"": ""{{access_token}}""}","{""method"": ""deleteCollection"",""data"": {""collection_id"": 1}}",收藏夹已创建,1.删除收藏夹请求 2.检查删除结果,返回code=1，删除成功,中,正常流程,PASS
COMMUNITY-032,社区分享-收藏相关,修改收藏夹,正常修改收藏夹,POST,/mbServer/community,"{""Authorization"": ""{{access_token}}""}","{""method"": ""updateCollection"",""data"": {""collection_id"": 1,""name"": ""新收藏夹名称"",""is_public"": true}}",收藏夹已创建,1.修改收藏夹请求 2.检查修改结果,返回code=1，修改成功,中,正常流程,PASS
COMMUNITY-033,社区分享-收藏相关,获取用户公开收藏夹,正常获取公开收藏夹,POST,/mbServer/community,"{""Authorization"": ""{{access_token}}""}","{""method"": ""getPublicCollections"",""data"": {""user_id"": {{current_user_id}}}}",已登录,1.请求公开收藏夹 2.检查返回数据,返回code=1，包含公开收藏夹,中,正常流程,PASS
COMMUNITY-034,社区分享-收藏相关,获取收藏夹收藏列表,正常获取收藏内容,POST,/mbServer/community,"{""Authorization"": ""{{access_token}}""}","{""method"": ""getCollectionPosts"",""data"": {""collection_id"": 1,""page"": 1,""page_size"": 20}}",收藏夹已创建,1.请求收藏夹内帖子 2.检查返回数据,返回code=1，包含帖子列表,中,正常流程,PASS
COMMUNITY-035,社区分享-评论相关,创建评论,正常创建评论,POST,/mbServer/community,"{""Authorization"": ""{{access_token}}""}","{""method"": ""createComment"",""data"": {""post_id"": {{new_post_id}},""content"": ""这是一条评论"",""parent_id"": null}}",帖子已创建,1.提交评论请求 2.检查评论创建,返回code=1，包含comment_id,高,正常流程,PASS
COMMUNITY-036,社区分享-评论相关,创建评论,评论内容为空,POST,/mbServer/community,"{""Authorization"": ""{{access_token}}""}","{""method"": ""createComment"",""data"": {""post_id"": {{new_post_id}},""content"": """",""parent_id"": null}}",帖子已创建,1.发送空内容评论 2.检查内容校验,返回错误提示,中,异常流程,PASS
COMMUNITY-037,社区分享-评论相关,创建子评论,正常创建子评论,POST,/mbServer/community,"{""Authorization"": ""{{access_token}}""}","{""method"": ""createComment"",""data"": {""post_id"": {{new_post_id}},""content"": ""这是子评论"",""parent_id"": 1}}",一级评论已创建,1.提交子评论请求 2.检查子评论创建,返回code=1，子评论关联正确,高,正常流程,PASS
COMMUNITY-038,社区分享-评论相关,获取评论列表,正常获取评论列表,POST,/mbServer/community,"{""Authorization"": ""{{access_token}}""}","{""method"": ""getCommentList"",""data"": {""post_id"": {{new_post_id}},""page"": 1,""page_size"": 20}}",帖子已创建,1.请求评论列表 2.检查返回数据,返回code=1，包含评论列表,高,正常流程,PASS
COMMUNITY-039,社区分享-评论相关,获取子评论列表,正常获取子评论,POST,/mbServer/community,"{""Authorization"": ""{{access_token}}""}","{""method"": ""getSubCommentList"",""data"": {""parent_id"": 1,""page"": 1,""page_size"": 20}}",一级评论已创建,1.请求子评论列表 2.检查返回数据,返回code=1，包含子评论列表,中,正常流程,PASS
COMMUNITY-040,社区分享-评论相关,删除评论,正常删除评论,POST,/mbServer/community,"{""Authorization"": ""{{access_token}}""}","{""method"": ""deleteComment"",""data"": {""comment_id"": 1}}",评论已创建,1.删除评论请求 2.检查删除结果,返回code=1，删除成功,高,正常流程,PASS
COMMUNITY-041,社区分享-评论相关,删除评论-非评论作者,POST,/mbServer/community,"{""Authorization"": ""{{access_token}}""}","{""method"": ""deleteComment"",""data"": {""comment_id"": 1}}",已登录,1.尝试删除他人评论 2.检查权限校验,返回错误提示,中,异常流程,PASS
COMMUNITY-042,社区分享-评论相关,点赞评论,正常点赞评论,POST,/mbServer/community,"{""Authorization"": ""{{access_token}}""}","{""method"": ""likeComment"",""data"": {""comment_id"": 1}}",评论已创建,1.点赞评论请求 2.检查点赞结果,返回code=1，点赞数+1,中,正常流程,PASS
COMMUNITY-043,社区分享-评论相关,置顶评论,正常置顶评论,POST,/mbServer/community,"{""Authorization"": ""{{access_token}}""}","{""method"": ""pinComment"",""data"": {""comment_id"": 1}}",是帖子作者,1.置顶评论请求 2.检查置顶结果,返回code=1，评论被置顶,中,正常流程,PASS
COMMUNITY-044,社区分享-评论相关,置顶评论-非帖子作者,POST,/mbServer/community,"{""Authorization"": ""{{access_token}}""}","{""method"": ""pinComment"",""data"": {""comment_id"": 1}}",不是帖子作者,1.非作者尝试置顶 2.检查权限校验,返回错误提示,中,异常流程,PASS
COMMUNITY-045,社区分享-评论相关,取消置顶,正常取消置顶,POST,/mbServer/community,"{""Authorization"": ""{{access_token}}""}","{""method"": ""unpinComment"",""data"": {""comment_id"": 1}}",评论已置顶,1.取消置顶请求 2.检查取消结果,返回code=1，取消置顶,中,正常流程,PASS
COMMUNITY-046,社区分享-评论相关,取消点赞评论,正常取消点赞,POST,/mbServer/community,"{""Authorization"": ""{{access_token}}""}","{""method"": ""unlikeComment"",""data"": {""comment_id"": 1}}",评论已点赞,1.取消点赞请求 2.检查取消结果,返回code=1,中,正常流程,PASS
COMMUNITY-047,社区分享-粉丝相关,关注用户,正常关注,POST,/mbServer/community,"{""Authorization"": ""{{access_token}}""}","{""method"": ""followUser"",""data"": {""user_id"": 123}}",已登录,1.提交关注请求 2.检查关注结果,返回code=1，关注成功,高,正常流程,PASS
COMMUNITY-048,社区分享-粉丝相关,关注用户,重复关注,POST,/mbServer/community,"{""Authorization"": ""{{access_token}}""}","{""method"": ""followUser"",""data"": {""user_id"": 123}}",已关注,1.重复关注同一用户 2.检查幂等性,返回code=1或错误提示,中,异常流程,PASS
COMMUNITY-049,社区分享-粉丝相关,关注用户,关注自己,POST,/mbServer/community,"{""Authorization"": ""{{access_token}}""}","{""method"": ""followUser"",""data"": {""user_id"": {{current_user_id}}}}",已登录,1.尝试关注自己 2.检查业务校验,返回错误提示,中,异常流程,PASS
COMMUNITY-050,社区分享-粉丝相关,取消关注,正常取消关注,POST,/mbServer/community,"{""Authorization"": ""{{access_token}}""}","{""method"": ""unfollowUser"",""data"": {""user_id"": 123}}",已关注,1.取消关注请求 2.检查取消结果,返回code=1，取消成功,高,正常流程,PASS
COMMUNITY-051,社区分享-粉丝相关,取消关注-未关注,POST,/mbServer/community,"{""Authorization"": ""{{access_token}}""}","{""method"": ""unfollowUser"",""data"": {""user_id"": 123}}",未关注,1.取消未关注用户 2.检查错误处理,返回错误提示,中,异常流程,PASS
COMMUNITY-052,社区分享-粉丝相关,获取关注列表,正常获取关注列表,POST,/mbServer/community,"{""Authorization"": ""{{access_token}}""}","{""method"": ""getFollowingList"",""data"": {""user_id"": {{current_user_id}},""page"": 1,""page_size"": 20}}",已登录,1.请求关注列表 2.检查返回数据,返回code=1，包含关注列表,中,正常流程,PASS
COMMUNITY-053,社区分享-粉丝相关,获取粉丝列表,正常获取粉丝列表,POST,/mbServer/community,"{""Authorization"": ""{{access_token}}""}","{""method"": ""getFollowerList"",""data"": {""user_id"": {{current_user_id}},""page"": 1,""page_size"": 20}}",已登录,1.请求粉丝列表 2.检查返回数据,返回code=1，包含粉丝列表,中,正常流程,PASS
COMMUNITY-054,社区分享-粉丝相关,检查关注状态,正常检查状态,POST,/mbServer/community,"{""Authorization"": ""{{access_token}}""}","{""method"": ""checkFollowStatus"",""data"": {""user_id"": 123}}",已登录,1.检查关注状态 2.检查返回状态,返回code=1，包含is_following字段,中,正常流程,PASS
COMMUNITY-055,社区分享-举报相关,获取举报理由,正常获取举报理由,POST,/mbServer/community,"{""Authorization"": ""{{access_token}}""}","{""method"": ""getReportReasons""}",已登录,1.请求举报理由列表 2.检查返回数据,返回code=1，包含理由列表,中,正常流程,PASS
COMMUNITY-056,社区分享-举报相关,获取举报场景,正常获取举报场景,POST,/mbServer/community,"{""Authorization"": ""{{access_token}}""}","{""method"": ""getReportScenes""}",已登录,1.请求举报场景列表 2.检查返回数据,返回code=1，包含场景列表,中,正常流程,PASS
COMMUNITY-057,社区分享-举报相关,举报,正常举报,POST,/mbServer/community,"{""Authorization"": ""{{access_token}}""}","{""method"": ""reportContent"",""data"": {""target_type"": ""post"",""target_id"": {{new_post_id}},""reason_id"": 1,""description"": ""违规内容""}}",已登录,1.提交举报请求 2.检查举报结果,返回code=1，举报成功,高,正常流程,PASS
COMMUNITY-058,社区分享-举报相关,举报-重复举报,POST,/mbServer/community,"{""Authorization"": ""{{access_token}}""}","{""method"": ""reportContent"",""data"": {""target_type"": ""post"",""target_id"": {{new_post_id}},""reason_id"": 1,""description"": ""违规内容""}}",已举报,1.重复举报同一内容 2.检查重复处理,返回错误提示,中,异常流程,PASS
COMMUNITY-059,社区分享-举报相关,举报-无效的理由ID,POST,/mbServer/community,"{""Authorization"": ""{{access_token}}""}","{""method"": ""reportContent"",""data"": {""target_type"": ""post"",""target_id"": {{new_post_id}},""reason_id"": 99999,""description"": ""违规内容""}}",已登录,1.使用无效reason_id 2.检查参数校验,返回错误提示,中,异常流程,PASS
COMMUNITY-060,社区分享-举报相关,获取举报列表,正常获取举报列表,POST,/mbServer/community,"{""Authorization"": ""{{access_token}}""}","{""method"": ""getReportList"",""data"": {""page"": 1,""page_size"": 20}}",已登录,1.请求举报列表 2.检查返回数据,返回code=1，包含举报列表,中,正常流程,PASS
COMMUNITY-061,社区分享-举报相关,获取举报详情,正常获取举报详情,POST,/mbServer/community,"{""Authorization"": ""{{access_token}}""}","{""method"": ""getReportDetail"",""data"": {""report_id"": 1}}",已登录,1.请求举报详情 2.检查返回数据,返回code=1，包含举报详情,中,正常流程,PASS
COMMUNITY-062,社区分享-通知相关,获取通知列表,正常获取通知,POST,/mbServer/community,"{""Authorization"": ""{{access_token}}""}","{""method"": ""getNotificationList"",""data"": {""page"": 1,""page_size"": 20}}",已登录,1.请求通知列表 2.检查返回数据,返回code=1，包含通知列表,高,正常流程,PASS
COMMUNITY-063,社区分享-通知相关,获取未读通知数量,正常获取未读数量,POST,/mbServer/community,"{""Authorization"": ""{{access_token}}""}","{""method"": ""getUnreadNotificationCount""}",已登录,1.请求未读数量 2.检查返回数据,返回code=1，包含未读数量,高,正常流程,PASS
COMMUNITY-064,社区分享-用户信息,获取头像上传凭据,正常获取凭据,POST,/mbServer/community,"{""Authorization"": ""{{access_token}}""}","{""method"": ""getAvatarUploadCredential""}",已登录,1.获取头像上传凭据 2.检查返回数据,返回code=1，包含上传凭据,中,正常流程,PASS
COMMUNITY-065,社区分享-用户信息,确认头像上传,正常确认头像,POST,/mbServer/community,"{""Authorization"": ""{{access_token}}""}","{""method"": ""confirmAvatarUpload"",""data"": {""object_key"": ""{{oss_objectKey}}""}}",头像已上传,1.确认头像上传 2.检查头像更新,返回code=1，头像更新成功,中,正常流程,PASS
COMMUNITY-066,社区分享-用户信息,修改用户信息,正常修改信息,POST,/mbServer/community,"{""Authorization"": ""{{access_token}}""}","{""method"": ""updateUserInfo"",""data"": {""nickname"": ""新昵称"",""signature"": ""个性签名""}}",已登录,1.提交修改请求 2.检查修改结果,返回code=1，信息更新成功,高,正常流程,PASS
COMMUNITY-067,社区分享-用户信息,修改用户信息-昵称为空,POST,/mbServer/community,"{""Authorization"": ""{{access_token}}""}","{""method"": ""updateUserInfo"",""data"": {""nickname"": """",""signature"": ""个性签名""}}",已登录,1.发送空昵称 2.检查昵称校验,返回错误提示,中,异常流程,PASS
COMMUNITY-068,社区分享-用户信息,获取用户信息,正常获取用户信息,POST,/mbServer/community,"{""Authorization"": ""{{access_token}}""}","{""method"": ""getUserInfo"",""data"": {""user_id"": {{current_user_id}}}}",已登录,1.请求用户信息 2.检查返回数据,返回code=1，包含用户详细信息,高,正常流程,PASS
COMMUNITY-069,社区分享-用户信息,获取用户信息-不存在的用户,POST,/mbServer/community,"{""Authorization"": ""{{access_token}}""}","{""method"": ""getUserInfo"",""data"": {""user_id"": 99999}}",已登录,1.请求不存在的用户 2.检查错误处理,返回错误提示,中,异常流程,PASS
COMMUNITY-070,社区分享-用户信息,实名认证,正常实名认证,POST,/mbServer/community,"{""Authorization"": ""{{access_token}}""}","{""method"": ""submitRealNameAuth"",""data"": {""real_name"": ""张三"",""id_card"": ""110101199001011234""}}",已登录,1.提交实名认证 2.检查认证结果,返回code=1，认证成功,高,正常流程,PASS
COMMUNITY-071,社区分享-用户信息,实名认证-身份证格式错误,POST,/mbServer/community,"{""Authorization"": ""{{access_token}}""}","{""method"": ""submitRealNameAuth"",""data"": {""real_name"": ""张三"",""id_card"": ""123""}}",已登录,1.提交格式错误的身份证 2.检查格式校验,返回错误提示,中,异常流程,PASS
COMMUNITY-072,社区分享-用户信息,获取实名认证信息,正常获取认证信息,POST,/mbServer/community,"{""Authorization"": ""{{access_token}}""}","{""method"": ""getRealNameAuthInfo""}",已登录,1.请求认证信息 2.检查返回数据,返回code=1，包含认证状态,中,正常流程,PASS